,Count,Avg Importance,Avg Polarity
GME,68,63.32039705882353,-0.32133746990411116
A,10,52.4365,-0.29048213146276314
DD,9,52.48988888888889,0.215797741780998
BB,7,50.53871428571428,0.3564579416132047
PLTR,6,52.51433333333333,-1.3018740688951451
EV,6,28.367,0.7475792530756814
NOK,5,53.4588,0.34915662979475537
EDIT,4,58.92375,0.3990966954804601
NVAX,4,17.134,-1.0317169079943107
FSR,4,28.367,0.7475792530756814
UBER,4,19.689,-0.5412716238040696
IMO,4,28.367,0.7475792530756814
X,3,45.493,-0.5563101233878922
R,2,47.338,0.6522516343899826
VC,2,92.292,-0.5627715319543257
M,2,74.139,0.3882800295072634
T,2,36.445,0.4675030968872682
WBA,2,28.367,0.7475792530756814
D,2,47.338,0.6522516343899826
FUBO,2,28.367,0.7475792530756814
OUT,1,71.067,-0.5221346700112961
OR,1,46.826,-0.08757052463013829
MSI,1,47.338,0.6522516343899826
ALL,1,92.292,-0.5627715319543257
C,1,49.232,0.7391430099771882
PDT,1,58.91,1.0608716080396479
NEW,1,47.338,0.6522516343899826
CASH,1,92.292,-0.5627715319543257
AN,1,17.134,-1.0317169079943107
CRUS,1,47.338,0.6522516343899826
RC,1,74.139,0.3882800295072634
PSA,1,49.232,0.7391430099771882
SO,1,47.338,0.6522516343899826
BIG,1,47.338,0.6522516343899826
MGA,1,28.367,0.7475792530756814
CAN,1,25.552,0.2827545593845538
III,1,92.292,-0.5627715319543257
FOR,1,25.488,0.5721523612918327
ON,1,57.903,0.6939820784286486
CR,1,92.292,-0.5627715319543257
TA,1,92.292,-0.5627715319543257
PE,1,74.139,0.3882800295072634
RH,1,58.91,1.0608716080396479
CSCO,1,47.338,0.6522516343899826
